{
  "0": {
    "x": 3.0148910576185823,
    "z": 2.9039704426807367,
    "yaw": 1.1222401173844108
  },
  "1": {
    "x": 3.10350936148364,
    "z": 2.9569262396348233,
    "yaw": 1.7097399539679223
  },
  "2": {
    "x": 3.937293667872632,
    "z": 3.6711381862630503,
    "yaw": 2.6771237461000967
  },
  "3": {
    "x": 3.495641915946321,
    "z": 3.103155932154817,
    "yaw": 2.612600428974871
  },
  "4": {
    "x": 3.1733309446523554,
    "z": 1.8532604279300582,
    "yaw": 2.058938953143989
  },
  "5": {
    "x": 3.5864630726113735,
    "z": 0.5038851947866874,
    "yaw": 0.9250572887486285
  },
  "6": {
    "x": 4.395081989332443,
    "z": 0.4080840004563556,
    "yaw": 0.05121598057434586
  },
  "7": {
    "x": 3.8927654990988136,
    "z": 0.5950750360904746,
    "yaw": 2.181608892016932
  },
  "8": {
    "x": 4.251265538187612,
    "z": 0.7717614631164176,
    "yaw": 2.9154065871785866
  },
  "9": {
    "x": 3.469075472381441,
    "z": -0.17682516569450557,
    "yaw": 2.9706508006904784
  },
  "10": {
    "x": 3.3909549580383533,
    "z": -2.048624740613337,
    "yaw": 2.682850240741854
  },
  "11": {
    "x": 3.6300924378026114,
    "z": -3.265403100336511,
    "yaw": 1.243840118255018
  },
  "12": {
    "x": 4.015699666923032,
    "z": -3.3472160141239797,
    "yaw": 0.14610473001514024
  },
  "13": {
    "x": 3.967072330931315,
    "z": -2.9730600036975843,
    "yaw": -0.4923947124761123
  },
  "14": {
    "x": 3.7591776808568826,
    "z": -3.0131648016958525,
    "yaw": -1.6507519412685518
  },
  "15": {
    "x": 3.203209179877672,
    "z": -3.132906077450404,
    "yaw": -1.9485291867671575
  },
  "16": {
    "x": 3.264155391207731,
    "z": -2.4358581351738344,
    "yaw": -2.9359190399249524
  },
  "17": {
    "x": 3.1940763943304455,
    "z": -1.9356056407504267,
    "yaw": -2.352337262773739
  },
  "18": {
    "x": 2.7859696713336244,
    "z": -1.7043278801534645,
    "yaw": -1.4362857975326422
  },
  "19": {
    "x": 2.9779928509614395,
    "z": -1.0711619233060492,
    "yaw": -0.6738212202211294
  },
  "20": {
    "x": 3.517531802834526,
    "z": -0.151752770607541,
    "yaw": -1.0548113181783558
  },
  "21": {
    "x": 3.550253884149344,
    "z": 1.2507512327326116,
    "yaw": -1.2153078377645525
  },
  "22": {
    "x": 3.2571492930732475,
    "z": 2.5704843609172503,
    "yaw": -1.7547357801354266
  },
  "23": {
    "x": 2.772029670573257,
    "z": 3.4582150149728945,
    "yaw": -2.5726549886855112
  },
  "24": {
    "x": 1.4864036118673094,
    "z": 3.0588301279837746,
    "yaw": 3.1414767246849933
  },
  "25": {
    "x": 0.5065046783678053,
    "z": 2.0728919761057836,
    "yaw": 2.1603566580979576
  },
  "26": {
    "x": -0.09940493411675466,
    "z": 1.645949104785686,
    "yaw": 1.7338602241509526
  },
  "27": {
    "x": 0.6047721531246338,
    "z": 0.23549452330520718,
    "yaw": 2.320933982350436
  },
  "28": {
    "x": 1.1030676824981085,
    "z": -1.198967458712208,
    "yaw": 1.9394639352099265
  },
  "29": {
    "x": 0.6011178176062004,
    "z": -1.7800270234355626,
    "yaw": 3.0146837411579086
  },
  "30": {
    "x": 0.729202228218711,
    "z": -0.8133405958036994,
    "yaw": -2.8777902301985203
  },
  "31": {
    "x": -0.23768338266476424,
    "z": -1.284400440764328,
    "yaw": -2.0823145753274606
  },
  "32": {
    "x": -1.689923624413893,
    "z": -1.3772398123767726,
    "yaw": -1.5707143244859236
  },
  "33": {
    "x": -3.0703071750438657,
    "z": -1.2213261746739272,
    "yaw": -1.639759384715169
  },
  "34": {
    "x": -3.5409338102588093,
    "z": -1.637735977135777,
    "yaw": -2.713843345234803
  },
  "35": {
    "x": -3.468055821676929,
    "z": -2.764923266400362,
    "yaw": -1.8854890490252882
  },
  "36": {
    "x": -3.7056848375190543,
    "z": -3.531288823488378,
    "yaw": -0.7755689007874096
  },
  "37": {
    "x": -3.277187492567837,
    "z": -3.5878239690430425,
    "yaw": -1.096901408717638
  },
  "38": {
    "x": -3.3610177342611314,
    "z": -3.2569016764689174,
    "yaw": 0.18283455901819662
  },
  "39": {
    "x": -3.439265255922724,
    "z": -3.482952958277327,
    "yaw": 1.325568274181502
  },
  "40": {
    "x": -1.7507118488638254,
    "z": -3.585166752744103,
    "yaw": 1.2341441758668705
  },
  "41": {
    "x": -0.8624790851951796,
    "z": -3.6207031183328304,
    "yaw": 1.1679577050267462
  },
  "42": {
    "x": -1.7304812791970887,
    "z": -3.6063848451246865,
    "yaw": 1.0265752145979372
  },
  "43": {
    "x": -2.856880720318965,
    "z": -3.53727263979471,
    "yaw": 1.0744394691208665
  },
  "44": {
    "x": -3.451034521493911,
    "z": -3.5315930813028635,
    "yaw": 0.4908732971772178
  },
  "45": {
    "x": -3.3039842699659427,
    "z": -2.104608243346354,
    "yaw": -0.449919321343736
  },
  "46": {
    "x": -3.6608757093116244,
    "z": -1.3518300296661754,
    "yaw": -2.2239203832516647
  },
  "47": {
    "x": -3.2524839200601523,
    "z": -1.4101218081894882,
    "yaw": -0.9241236334018293
  },
  "48": {
    "x": -3.5196172228652176,
    "z": -1.3362419661432692,
    "yaw": -0.24403074048636816
  },
  "49": {
    "x": -3.2440181483146744,
    "z": -1.4465096245339792,
    "yaw": 1.185042111874823
  },
  "50": {
    "x": -1.9450207720121968,
    "z": -1.474592284603661,
    "yaw": 1.4425103598093565
  },
  "51": {
    "x": -0.040655296259203944,
    "z": -1.2545274008507934,
    "yaw": 1.0007182064445166
  },
  "52": {
    "x": 0.8458707793332157,
    "z": -0.04739875597532901,
    "yaw": 0.13967651029084233
  },
  "53": {
    "x": 0.48248557351101795,
    "z": 1.1111508561377759,
    "yaw": -0.9712350763224012
  },
  "54": {
    "x": -0.5127408018872393,
    "z": 1.223796804671551,
    "yaw": -2.304325003757967
  },
  "55": {
    "x": -2.114885206143586,
    "z": 0.719732748546254,
    "yaw": -2.0642366327190746
  },
  "56": {
    "x": -3.2279321606636096,
    "z": 0.5710953558301708,
    "yaw": -2.1043479796959224
  },
  "57": {
    "x": -3.118794696457539,
    "z": 0.8084396178656855,
    "yaw": -1.0140138733620558
  },
  "58": {
    "x": -2.496952446133403,
    "z": 0.7555271454267045,
    "yaw": -0.6823484195245624
  },
  "59": {
    "x": -2.0905628480931635,
    "z": 0.8030627244910629,
    "yaw": -0.11487246352021074
  },
  "60": {
    "x": -0.6704444630689439,
    "z": 1.177758566408952,
    "yaw": 0.4537965443975047
  },
  "61": {
    "x": 0.14681734465907414,
    "z": 2.4059713191278713,
    "yaw": -0.3955816036060928
  },
  "62": {
    "x": -0.5642987143072722,
    "z": 3.0035968460385822,
    "yaw": -1.3821277815282695
  },
  "63": {
    "x": -1.9485489686875561,
    "z": 3.2107555287475584,
    "yaw": -1.492949782498893
  },
  "64": {
    "x": -2.954590631108242,
    "z": 3.2404834185581066,
    "yaw": -1.964158649677908
  },
  "65": {
    "x": -2.8404187971655035,
    "z": 3.0068146778569007,
    "yaw": -2.801415188148048
  },
  "66": {
    "x": -3.0048205111813653,
    "z": 3.0968592815765095,
    "yaw": -2.679002492926796
  },
  "67": {
    "x": -3.793882729313209,
    "z": 3.212062448394995,
    "yaw": -0.6939855548335703
  },
  "68": {
    "x": -3.951868007395955,
    "z": 3.1228565667215586,
    "yaw": 1.0056699962105904
  },
  "69": {
    "x": -3.1215856441871512,
    "z": 3.0442727078934357,
    "yaw": 1.9023348401448987
  },
  "70": {
    "x": -1.7070092608544423,
    "z": 3.0662212108174733,
    "yaw": 1.648590498465086
  },
  "71": {
    "x": 0.13554311799690827,
    "z": 2.8707211427619024,
    "yaw": 1.4666477792947508
  },
  "72": {
    "x": 0.6474971666983942,
    "z": 2.0120402289389325,
    "yaw": 2.1493509627041383
  },
  "73": {
    "x": 0.7556950595054238,
    "z": 1.59069562574543,
    "yaw": 2.1455045005100217
  }
}